<?xml version="1.0"?>
<game_state>
	<input />
	<window />
	<textures />
	<audio />
	<map />
	<pathfinding />
	<scene>
		<scene camx="1609" real_camx="-3218" actualscene="true" />
	</scene>
	<collision />
	<EntityManager>
		<player id="0">
			<player />
			<playerposition x="1814.39734" y="122.199974" x_init="50" y_init="250" />
			<playerworld watter="false" fire="false" plant="false" ice="false" normal="true" />
			<playerattribute godmode="true" ice_right="false" ice_left="false" left="false" right="false" body_col_x="1819" body_col_y="122" />
		</player>
		<enemy_aigua id="1">
			<enemyattribute body_col_x="2181" body_col_y="211" check_col_x="2101" check_col_y="118" to_kill_col_x="2186" to_kill_col_y="208" />
			<enemyposition position_x="2181" position_y="208" />
		</enemy_aigua>
		<enemy_aigua id="2">
			<enemyattribute body_col_x="2544" body_col_y="211" check_col_x="2464" check_col_y="118" to_kill_col_x="2549" to_kill_col_y="208" />
			<enemyposition position_x="2544" position_y="208" />
		</enemy_aigua>
		<enemy_aigua id="3">
			<enemyattribute body_col_x="3136" body_col_y="211" check_col_x="3056" check_col_y="118" to_kill_col_x="3141" to_kill_col_y="208" />
			<enemyposition position_x="3136" position_y="208" />
		</enemy_aigua>
		<enemy_liana id="4">
			<enemyattribute body_col_x="808" body_col_y="41" />
			<enemyposition position_x="808" position_y="38" />
		</enemy_liana>
		<enemy_liana id="5">
			<enemyattribute body_col_x="904" body_col_y="95" />
			<enemyposition position_x="904" position_y="92" />
		</enemy_liana>
		<enemy_liana id="6">
			<enemyattribute body_col_x="1032" body_col_y="52" />
			<enemyposition position_x="1032" position_y="49" />
		</enemy_liana>
		<enemy_liana id="7">
			<enemyattribute body_col_x="1160" body_col_y="94" />
			<enemyposition position_x="1160" position_y="91" />
		</enemy_liana>
		<enemy_liana id="8">
			<enemyattribute body_col_x="1224" body_col_y="52" />
			<enemyposition position_x="1224" position_y="49" />
		</enemy_liana>
	</EntityManager>
	<renderer>
		<camera x="-3218" y="0" />
	</renderer>
</game_state>
